Suite/Test/Step Name,Browser,Description,Tag,Start time,End time,Duration,Status
TestSuite1,,,,2023-06-19 14:41:04,2023-06-19 14:41:08,4.744s,FAILED
,,,,,,,
Test Cases/DragAndDrop,,,,2023-06-19 14:41:07,2023-06-19 14:41:07,0.060s,FAILED
Start listener action : sampleBeforeTestCase,,,,2023-06-19 14:41:07,2023-06-19 14:41:07,0.001s,PASSED
"openBrowser("""")",,,,2023-06-19 14:41:07,2023-06-19 14:41:07,0.043s,FAILED
Start listener action : sampleAfterTestCase,,,,2023-06-19 14:41:07,2023-06-19 14:41:07,0.002s,PASSED
,,,,,,,
Test Cases/DropDownFunction,,,,2023-06-19 14:41:08,2023-06-19 14:41:08,0.127s,FAILED
Start listener action : sampleBeforeTestCase,,,,2023-06-19 14:41:08,2023-06-19 14:41:08,0.001s,PASSED
"callTestCase(findTestCase(""Session-3""), [""username"":""John Doe"", ""password"":""ThisIsNotAPassword""], STOP_ON_FAILURE)",,,,2023-06-19 14:41:08,2023-06-19 14:41:08,0.114s,FAILED
Start listener action : sampleAfterTestCase,,,,2023-06-19 14:41:08,2023-06-19 14:41:08,0.000s,PASSED
