Suite/Test/Step Name,Browser,Description,Tag,Start time,End time,Duration,Status
TestSuite2,,,,2023-06-19 14:29:04,2023-06-19 14:29:49,44.624s,FAILED
,,,,,,,
Test Cases/MultipleWindow,,,,2023-06-19 14:29:20,2023-06-19 14:29:24,3.085s,FAILED
Start listener action : sampleBeforeTestCase,,,,2023-06-19 14:29:20,2023-06-19 14:29:20,0.002s,PASSED
"openBrowser("""")",,,,2023-06-19 14:29:21,2023-06-19 14:29:24,3.055s,FAILED
Start listener action : sampleAfterTestCase,,,,2023-06-19 14:29:24,2023-06-19 14:29:24,0.004s,PASSED
,,,,,,,
Test Cases/MultiSelectFunction,,,,2023-06-19 14:29:33,2023-06-19 14:29:35,2.468s,FAILED
Start listener action : sampleBeforeTestCase,,,,2023-06-19 14:29:33,2023-06-19 14:29:33,0.002s,PASSED
"openBrowser(""https://demoqa.com/select-menu"")",,,,2023-06-19 14:29:33,2023-06-19 14:29:35,2.443s,FAILED
Start listener action : sampleAfterTestCase,,,,2023-06-19 14:29:35,2023-06-19 14:29:35,0.003s,PASSED
,,,,,,,
Test Cases/Radio_Check_Button,,,,2023-06-19 14:29:45,2023-06-19 14:29:49,3.410s,FAILED
Start listener action : sampleBeforeTestCase,,,,2023-06-19 14:29:45,2023-06-19 14:29:45,0.002s,PASSED
"callTestCase(findTestCase(""Session-3""), [""username"":""John Doe"", ""password"":""ThisIsNotAPassword""], STOP_ON_FAILURE)",,,,2023-06-19 14:29:45,2023-06-19 14:29:49,3.383s,FAILED
Start listener action : sampleAfterTestCase,,,,2023-06-19 14:29:49,2023-06-19 14:29:49,0.002s,PASSED
