Suite/Test/Step Name,Browser,Description,Tag,Start time,End time,Duration,Status
TestSuite1,,,,2023-06-19 14:42:10,2023-06-19 14:42:41,31.113s,FAILED
,,,,,,,
Test Cases/DragAndDrop,,,,2023-06-19 14:42:24,2023-06-19 14:42:27,2.640s,FAILED
Start listener action : sampleBeforeTestCase,,,,2023-06-19 14:42:24,2023-06-19 14:42:24,0.003s,PASSED
"openBrowser("""")",,,,2023-06-19 14:42:24,2023-06-19 14:42:27,2.618s,FAILED
Start listener action : sampleAfterTestCase,,,,2023-06-19 14:42:27,2023-06-19 14:42:27,0.004s,PASSED
,,,,,,,
Test Cases/DropDownFunction,,,,2023-06-19 14:42:38,2023-06-19 14:42:41,2.978s,FAILED
Start listener action : sampleBeforeTestCase,,,,2023-06-19 14:42:38,2023-06-19 14:42:38,0.002s,PASSED
"callTestCase(findTestCase(""Session-3""), [""username"":""John Doe"", ""password"":""ThisIsNotAPassword""], STOP_ON_FAILURE)",,,,2023-06-19 14:42:38,2023-06-19 14:42:41,2.960s,FAILED
Start listener action : sampleAfterTestCase,,,,2023-06-19 14:42:41,2023-06-19 14:42:41,0.002s,PASSED
