Suite/Test/Step Name,Browser,Description,Tag,Start time,End time,Duration,Status
TestSuite2,,,,2023-06-19 14:32:42,2023-06-19 14:32:48,5.995s,FAILED
,,,,,,,
Test Cases/MultipleWindow,,,,2023-06-19 14:32:46,2023-06-19 14:32:46,0.066s,FAILED
Start listener action : sampleBeforeTestCase,,,,2023-06-19 14:32:46,2023-06-19 14:32:46,0.002s,PASSED
"openBrowser("""")",,,,2023-06-19 14:32:46,2023-06-19 14:32:46,0.046s,FAILED
Start listener action : sampleAfterTestCase,,,,2023-06-19 14:32:46,2023-06-19 14:32:46,0.002s,PASSED
,,,,,,,
Test Cases/MultiSelectFunction,,,,2023-06-19 14:32:47,2023-06-19 14:32:47,0.052s,FAILED
Start listener action : sampleBeforeTestCase,,,,2023-06-19 14:32:47,2023-06-19 14:32:47,0.001s,PASSED
"openBrowser(""https://demoqa.com/select-menu"")",,,,2023-06-19 14:32:47,2023-06-19 14:32:47,0.033s,FAILED
Start listener action : sampleAfterTestCase,,,,2023-06-19 14:32:47,2023-06-19 14:32:47,0.002s,PASSED
,,,,,,,
Test Cases/Radio_Check_Button,,,,2023-06-19 14:32:48,2023-06-19 14:32:48,0.154s,FAILED
Start listener action : sampleBeforeTestCase,,,,2023-06-19 14:32:48,2023-06-19 14:32:48,0.002s,PASSED
"callTestCase(findTestCase(""Session-3""), [""username"":""John Doe"", ""password"":""ThisIsNotAPassword""], STOP_ON_FAILURE)",,,,2023-06-19 14:32:48,2023-06-19 14:32:48,0.130s,FAILED
Start listener action : sampleAfterTestCase,,,,2023-06-19 14:32:48,2023-06-19 14:32:48,0.002s,PASSED
