Suite/Test/Step Name,Browser,Description,Tag,Start time,End time,Duration,Status
TestSuite2,,,,2023-06-19 14:37:19,2023-06-19 14:38:02,42.864s,FAILED
,,,,,,,
Test Cases/MultipleWindow,,,,2023-06-19 14:37:32,2023-06-19 14:37:35,2.954s,FAILED
Start listener action : sampleBeforeTestCase,,,,2023-06-19 14:37:32,2023-06-19 14:37:32,0.004s,PASSED
"openBrowser("""")",,,,2023-06-19 14:37:32,2023-06-19 14:37:35,2.926s,FAILED
Start listener action : sampleAfterTestCase,,,,2023-06-19 14:37:35,2023-06-19 14:37:35,0.003s,PASSED
,,,,,,,
Test Cases/MultiSelectFunction,,,,2023-06-19 14:37:44,2023-06-19 14:37:48,3.679s,FAILED
Start listener action : sampleBeforeTestCase,,,,2023-06-19 14:37:44,2023-06-19 14:37:44,0.003s,PASSED
"openBrowser(""https://demoqa.com/select-menu"")",,,,2023-06-19 14:37:44,2023-06-19 14:37:48,3.652s,FAILED
Start listener action : sampleAfterTestCase,,,,2023-06-19 14:37:48,2023-06-19 14:37:48,0.003s,PASSED
,,,,,,,
Test Cases/Radio_Check_Button,,,,2023-06-19 14:37:59,2023-06-19 14:38:02,2.807s,FAILED
Start listener action : sampleBeforeTestCase,,,,2023-06-19 14:37:59,2023-06-19 14:37:59,0.001s,PASSED
"callTestCase(findTestCase(""Session-3""), [""username"":""John Doe"", ""password"":""ThisIsNotAPassword""], STOP_ON_FAILURE)",,,,2023-06-19 14:37:59,2023-06-19 14:38:02,2.785s,FAILED
Start listener action : sampleAfterTestCase,,,,2023-06-19 14:38:02,2023-06-19 14:38:02,0.002s,PASSED
